id,N,time_steps,vi_train_time,rl_train_time,model,Ts,Tt,vi_reward,rl_reward,vi_ns,rl_ns,vi_distance,rl_distance,distribution0,10,1000,0 days 00:00:00.234985000,0 days 00:00:02.932112000,ACER,1,1000,-553.4901,-683.48,5.4801,3.15,5.4801,6.8033,truncnorm
0,300,1000,Not Calculated,0 days 00:00:02.639697000,ACER,1,1,-5.086899999999547,-9.198314000000321,4.56,8.4761,158.07,216.6642,truncnorm
0,300,300000,Not Calculated,0 days 00:10:41.313949000,ACER,1,1,-5.039025999999521,-9.023283333332934,4.5124,8.1488,157.9878,262.345,truncnorm
1,300,600000,Not Calculated,0 days 00:21:42.991102000,ACER,1,1,-5.0818566666662015,-8.813456666667115,4.555,7.9429,158.057,261.167,truncnorm
