id, N, time_steps, vi_train_time, rl_train_time, model, Ts, Tt, vi_reward, rl_reward, vi_ns, rl_ns, vi_distance, rl_distance, vi_recharges, rl_recharges, distribution, gamma, battery_capacity
0,25,100000,0 days 00:16:36.169070000,0 days 00:00:19.027440000,PPO1,40,100,-13147480.0998,-16500199.0924,3.8786,2.5964,1.315876000000605,2.060279999999775,0.2787,2.5964,uniform,1,250
1,25,100000,0 days 00:25:24.856638000,0 days 00:00:18.497761000,PPO1,40,50,-1823021.7878,-8358488.5892,4.794,4.122,1.217216000000069,3.232924000001291,0.3992,4.122,uniform,1,250
3,25,100000,Not Calculated,0 days 00:00:21.201488000,PPO1,40,100,-13121080.2416,-15818812.216,3.8757,3.3163,1.3162200000006095,2.428572000000967,0.2802,3.3163,uniform,1,250
4,25,100000,Not Calculated,0 days 00:00:23.637552000,PPO1,40,50,-1860972.037,-7348730.9337,4.804,3.9545,1.2162640000000837,2.1902360000007985,0.3985,3.9545,uniform,1,250
6,25,100000,0 days 00:19:28.036417000,0 days 00:03:05.081293000,PPO1,40,100,-887.7046,-16500249.0241,4.9604,3.2367,3.377832000000682,2.3292360000004444,2.2839,3.2367,uniform,1,250
7,25,100000,0 days 00:30:40.856983000,0 days 00:02:28.723857000,PPO1,40,50,-396.1906,-11055201.7314,4.8693,3.8055,2.0319800000005483,3.0077600000007094,0.9577,3.8055,uniform,1,250
9,25,100000,0 days 00:38:37.760216000,0 days 00:02:58.489267000,PPO1,40,50,-396.7116,-10617037.3452,4.8746,3.6716,2.037168000000539,2.8652159999999305,0.9566,3.6716,uniform,1,250
10,25,100000,0 days 00:26:38.035946000,0 days 00:03:28.212643000,PPO1,40,100,-885.4714,-13251357.9648,4.9583,3.0773,3.368580000000733,1.8932000000000069,2.2768,3.0773,uniform,1,250
